Track,Year,Driver,X,Y,Speed,DRS
Miami Grand Prix,2022,VER,1854.0955200061776,118.27726752034769,278.8555576888889,Off
Miami Grand Prix,2022,VER,1864.0,112.0,279.03333546666664,Off
Miami Grand Prix,2022,VER,1920.7895961735805,75.98303008729226,280.0,Off
Miami Grand Prix,2022,VER,2036.0,3.0,280.96111217777775,Off
Miami Grand Prix,2022,VER,2141.0267526648213,-62.88614917213596,282.0,Off
Miami Grand Prix,2022,VER,2208.0,-105.0,282.26071497142857,Off
Miami Grand Prix,2022,VER,2408.0,-231.0,282.8321435428571,Off
Miami Grand Prix,2022,VER,2447.9251448327113,-256.04575066703177,283.0,Off
Miami Grand Prix,2022,VER,2529.0,-306.0,284.9500013714286,Off
Miami Grand Prix,2022,VER,2532.1414172868654,-307.9753256770045,285.0,Off
Miami Grand Prix,2022,VER,2703.0,-416.0,285.90357211428574,Off
Miami Grand Prix,2022,VER,2722.0123820033973,-427.91353169821446,286.0,Off
Miami Grand Prix,2022,VER,2865.0,-517.0,286.76071497142857,Off
Miami Grand Prix,2022,VER,2910.0792979915786,-545.4098485520097,287.0,Off
Miami Grand Prix,2022,VER,2973.0,-585.0,287.0,Off
Miami Grand Prix,2022,VER,3045.3956838076924,-629.6809612776066,287.0,Off
Miami Grand Prix,2022,VER,3095.0,-660.0,287.18250048,Off
Miami Grand Prix,2022,VER,3273.0,-768.0,287.83250048,Off
Miami Grand Prix,2022,VER,3318.3177034500904,-795.2345196406344,288.0,Off
Miami Grand Prix,2022,VER,3383.0,-834.0,288.0,Off
Miami Grand Prix,2022,VER,3562.06652386941,-941.2674608050494,288.0,Off
Miami Grand Prix,2022,VER,3645.0,-990.0,288.40357211428574,Off
Miami Grand Prix,2022,VER,3746.521827223805,-1047.527227200831,289.0,Off
Miami Grand Prix,2022,VER,3827.0,-1091.0,287.3374976,Off
Miami Grand Prix,2022,VER,3960.6618693673176,-1160.7245053269812,285.0,Off
Miami Grand Prix,2022,VER,4044.0,-1204.0,282.135676097069,Off
Miami Grand Prix,2022,VER,4103.636571606291,-1235.2108790327152,280.0,Off
Miami Grand Prix,2022,VER,4181.0,-1276.0,267.54165973333335,Off
Miami Grand Prix,2022,VER,4261.094430744568,-1318.5307845672191,254.0,Off
Miami Grand Prix,2022,VER,4296.0,-1337.0,248.27082666666666,Off
Miami Grand Prix,2022,VER,4411.486907357156,-1397.5371568736996,229.0,Off
Miami Grand Prix,2022,VER,4420.0,-1402.0,227.17856365714286,Off
Miami Grand Prix,2022,VER,4540.0,-1465.0,198.03570651428572,Off
Miami Grand Prix,2022,VER,4552.765141804261,-1471.637161360424,195.0,Off
Miami Grand Prix,2022,VER,4657.69002980511,-1526.8879118346003,185.0,Off
Miami Grand Prix,2022,VER,4665.0,-1531.0,183.92856685714287,Off
Miami Grand Prix,2022,VER,4775.162100534235,-1601.23288047389,165.0,Off
Miami Grand Prix,2022,VER,4822.0,-1635.0,151.9218688,Off
Miami Grand Prix,2022,VER,4854.0,-1659.0,142.2343688,Off
Miami Grand Prix,2022,VER,4879.538272904019,-1678.4218457335542,134.0,Off
Miami Grand Prix,2022,VER,4921.0,-1713.0,127.56846036672806,Off
Miami Grand Prix,2022,VER,4940.125951896649,-1733.0562035091943,124.0,Off
Miami Grand Prix,2022,VER,4965.0,-1766.0,118.63999488,Off
Miami Grand Prix,2022,VER,4975.462262217635,-1783.1992387037067,116.0,Off
Miami Grand Prix,2022,VER,4995.704261327434,-1826.5056079841638,110.0,Off
Miami Grand Prix,2022,VER,4997.0,-1830.0,109.72916266666667,Off
Miami Grand Prix,2022,VER,5005.0,-1858.0,107.64582933333334,Off
Miami Grand Prix,2022,VER,5008.70200502196,-1906.8546732522618,105.0,Off
Miami Grand Prix,2022,VER,5006.0,-1974.0,101.46135970909091,Off
Miami Grand Prix,2022,VER,4994.843782301709,-2015.3146504812614,96.0,Off
Miami Grand Prix,2022,VER,4992.0,-2021.0,95.41071085714286,Off
Miami Grand Prix,2022,VER,4962.0,-2077.0,91.12499657142857,Off
Miami Grand Prix,2022,VER,4961.080465556026,-2078.5415038866113,91.0,Off
Miami Grand Prix,2022,VER,4923.0,-2131.0,90.2093744,Off
Miami Grand Prix,2022,VER,4906.670279585462,-2149.8028504361478,90.0,Off
Miami Grand Prix,2022,VER,4861.0,-2200.0,91.44166826666667,Off
Miami Grand Prix,2022,VER,4838.507538410422,-2224.060957006133,93.0,Off
Miami Grand Prix,2022,VER,4825.0,-2238.0,95.85000411428571,Off
Miami Grand Prix,2022,VER,4800.649831293957,-2263.222752772232,99.0,Off
Miami Grand Prix,2022,VER,4755.0,-2310.0,107.87500800000001,Off
Miami Grand Prix,2022,VER,4749.136463327859,-2315.897653054746,109.0,Off
Miami Grand Prix,2022,VER,4720.0,-2345.0,113.9875072,Off
Miami Grand Prix,2022,VER,4677.677643540725,-2387.9396340256603,121.0,Off
Miami Grand Prix,2022,VER,4670.0,-2396.0,121.8250048,Off
Miami Grand Prix,2022,VER,4630.158621424241,-2439.4435801289364,126.0,Off
Miami Grand Prix,2022,VER,4627.0,-2443.0,126.5281328,Off
Miami Grand Prix,2022,VER,4569.0,-2512.0,136.2781328,Off
Miami Grand Prix,2022,VER,4554.245159673117,-2531.5515663498713,139.0,Off
Miami Grand Prix,2022,VER,4525.0,-2576.0,141.4937536,Off
Miami Grand Prix,2022,VER,4518.474697091088,-2587.3342846663163,142.0,Off
Miami Grand Prix,2022,VER,4468.87110582452,-2683.9166432123725,145.0,Off
Miami Grand Prix,2022,VER,4463.0,-2696.0,145.0,Off
Miami Grand Prix,2022,VER,4446.491699277814,-2734.7490287653713,145.0,Off
Miami Grand Prix,2022,VER,4441.0,-2761.0,145.56500096,Off
Miami Grand Prix,2022,VER,4417.780033681435,-2897.618832357823,147.0,Off
Miami Grand Prix,2022,VER,4415.0,-2922.0,149.0821504,Off
Miami Grand Prix,2022,VER,4413.098071254745,-3004.618065415152,158.0,Off
Miami Grand Prix,2022,VER,4414.0,-3049.0,161.57367100716317,Off
Miami Grand Prix,2022,VER,4414.0,-3114.0,165.9623848602112,Off
Miami Grand Prix,2022,VER,4413.102495563383,-3144.619714259552,168.0,Off
Miami Grand Prix,2022,VER,4408.0,-3217.0,174.97500288,Off
Miami Grand Prix,2022,VER,4405.581261596943,-3238.0360510114306,177.0,Off
Miami Grand Prix,2022,VER,4381.0,-3369.0,183.0156264,Off
Miami Grand Prix,2022,VER,4375.228345893,-3391.4474411231768,184.0,Off
Miami Grand Prix,2022,VER,4359.0,-3449.0,189.0312528,Off
Miami Grand Prix,2022,VER,4352.60268354288,-3470.7195642802776,191.0,Off
Miami Grand Prix,2022,VER,4336.0,-3519.0,191.0,Off
Miami Grand Prix,2022,VER,4304.74952368673,-3586.6927496864305,191.0,Off
Miami Grand Prix,2022,VER,4240.0,-3705.0,191.87500032,Off
Miami Grand Prix,2022,VER,4182.868852495187,-3788.823162855921,193.0,Off
Miami Grand Prix,2022,VER,4119.177596680728,-3847.430013814458,195.0,Off
Miami Grand Prix,2022,VER,4114.0,-3852.0,195.3500032,Off
Miami Grand Prix,2022,VER,4064.0,-3895.0,198.3500032,Off
Miami Grand Prix,2022,VER,3958.9433377299038,-3972.2466778975945,204.0,Off
Miami Grand Prix,2022,VER,3933.0,-3989.0,205.76667306666667,Off
Miami Grand Prix,2022,VER,3838.0129117842534,-4044.066025080924,212.0,Off
Miami Grand Prix,2022,VER,3810.0,-4059.0,213.1357184,Off
Miami Grand Prix,2022,VER,3767.0,-4081.0,214.85000411428572,Off
Miami Grand Prix,2022,VER,3688.475150142989,-4117.075971114657,218.0,Off
Miami Grand Prix,2022,VER,3657.0,-4130.0,218.0,Off
Miami Grand Prix,2022,VER,3585.142262357002,-4157.266246346165,218.0,Off
Miami Grand Prix,2022,VER,3399.0,-4218.0,223.42143268571428,Off
Miami Grand Prix,2022,VER,3381.504741981142,-4222.845405233742,224.0,Off
Miami Grand Prix,2022,VER,3198.876274555261,-4258.933427065574,231.0,Off
Miami Grand Prix,2022,VER,3191.0,-4260.0,231.39000576,Off
Miami Grand Prix,2022,VER,3069.391632786024,-4273.350859207865,237.0,Off
Miami Grand Prix,2022,VER,3008.0,-4278.0,237.7750016,Off
Miami Grand Prix,2022,VER,2942.0,-4281.0,238.60833493333334,Off
Miami Grand Prix,2022,VER,2907.6964859388827,-4281.253428538408,239.0,Off
Miami Grand Prix,2022,VER,2709.837792616884,-4272.0275033325415,241.0,Off
Miami Grand Prix,2022,VER,2673.0,-4269.0,242.656256,Off
Miami Grand Prix,2022,VER,2611.0330384371277,-4262.3554851664285,246.0,Off
Miami Grand Prix,2022,VER,2523.0,-4247.0,248.1625024,Off
Miami Grand Prix,2022,VER,2482.2316517555514,-4238.071679173969,249.0,Off
Miami Grand Prix,2022,VER,2343.3512356049087,-4202.187066317281,252.0,Off
Miami Grand Prix,2022,VER,2307.0,-4191.0,252.73611377777777,Off
Miami Grand Prix,2022,VER,2188.0,-4148.0,255.23611377777777,Off
Miami Grand Prix,2022,VER,2104.6830305753892,-4112.011687872787,257.0,Off
Miami Grand Prix,2022,VER,2044.0,-4083.0,258.7437536,Off
Miami Grand Prix,2022,VER,1897.9324863031218,-4004.3937641688744,263.0,Off
Miami Grand Prix,2022,VER,1864.0,-3985.0,263.8833365333333,Off
Miami Grand Prix,2022,VER,1749.0,-3917.0,266.8833365333333,Off
Miami Grand Prix,2022,VER,1744.5468277147465,-3914.2879505720734,267.0,Off
Miami Grand Prix,2022,VER,1635.0,-3846.0,268.6218768,Off
Miami Grand Prix,2022,VER,1542.4441240388276,-3787.3312886841672,270.0,Off
Miami Grand Prix,2022,VER,1509.0,-3766.0,270.4416682666667,Off
Miami Grand Prix,2022,VER,1390.2824720825067,-3689.8450047397005,272.0,Off
Miami Grand Prix,2022,VER,1331.0,-3652.0,272.0,Off
Miami Grand Prix,2022,VER,1262.5218136183566,-3608.6310785533533,272.0,Off
Miami Grand Prix,2022,VER,1241.0,-3595.0,272.1375008,Off
Miami Grand Prix,2022,VER,1120.0,-3518.0,272.8916672,Off
Miami Grand Prix,2022,VER,1102.943034767381,-3507.0874333020342,273.0,Off
Miami Grand Prix,2022,VER,1001.6023014711656,-3441.9419970211775,273.0,Off
Miami Grand Prix,2022,VER,941.0,-3403.0,274.5833344,Off
Miami Grand Prix,2022,VER,846.7653951124232,-3342.623699160007,277.0,Off
Miami Grand Prix,2022,VER,824.0,-3328.0,277.2187504,Off
Miami Grand Prix,2022,VER,734.0,-3270.0,278.0937504,Off
Miami Grand Prix,2022,VER,644.8629250240433,-3212.8667189148982,279.0,Off
Miami Grand Prix,2022,VER,623.0,-3199.0,279.1093752,Off
Miami Grand Prix,2022,VER,439.0,-3084.0,279.9843752,Off
Miami Grand Prix,2022,VER,435.69092632320746,-3081.926725210922,280.0,Off
Miami Grand Prix,2022,VER,303.7977604656261,-2998.95174227834,282.0,Off
Miami Grand Prix,2022,VER,267.0,-2976.0,282.0,Off
Miami Grand Prix,2022,VER,120.0,-2885.0,282.0,Off
Miami Grand Prix,2022,VER,116.87443780546585,-2883.0328794372726,282.0,Off
Miami Grand Prix,2022,VER,-60.0,-2775.0,268.2785812595202,Off
Miami Grand Prix,2022,VER,-252.23839451589387,-2677.7221698953217,258.0,Off
Miami Grand Prix,2022,VER,-262.0,-2673.0,257.35832746666665,Off
Miami Grand Prix,2022,VER,-347.15238374733957,-2639.194698212485,247.0,Off
Miami Grand Prix,2022,VER,-362.0,-2636.0,246.4499968,Off
Miami Grand Prix,2022,VER,-511.12964375589524,-2611.0153490929333,243.0,Off
Miami Grand Prix,2022,VER,-645.0,-2599.0,238.1944391111111,Off
Miami Grand Prix,2022,VER,-743.4243069735439,-2608.327904627135,233.0,Off
Miami Grand Prix,2022,VER,-797.0,-2621.0,233.0,Off
Miami Grand Prix,2022,VER,-820.6509942443082,-2627.1851985898675,233.0,Off
Miami Grand Prix,2022,VER,-931.425954824922,-2661.277274381763,228.0,Off
Miami Grand Prix,2022,VER,-1024.0,-2706.0,228.0,Off
Miami Grand Prix,2022,VER,-1111.7489007912868,-2758.6915938045577,228.0,Off
Miami Grand Prix,2022,VER,-1166.0,-2794.0,228.60833493333334,Off
Miami Grand Prix,2022,VER,-1244.9703070014357,-2852.0694124844904,230.0,Off
Miami Grand Prix,2022,VER,-1309.0,-2909.0,230.96500096,Off
Miami Grand Prix,2022,VER,-1311.9401604992918,-2911.5270051368116,231.0,Off
Miami Grand Prix,2022,VER,-1416.0,-2997.0,224.15356525714284,Off
Miami Grand Prix,2022,VER,-1448.9671852186852,-3021.1309077233154,222.0,Off
Miami Grand Prix,2022,VER,-1533.0,-3074.0,213.3499904,Off
Miami Grand Prix,2022,VER,-1587.0381172225934,-3101.100011546341,208.0,Off
Miami Grand Prix,2022,VER,-2044.0,-3171.0,195.3988608,Off
Miami Grand Prix,2022,VER,-2057.1422183545965,-3169.174305414933,195.0,Off
Miami Grand Prix,2022,VER,-2195.0,-3126.0,196.7062512,Off
Miami Grand Prix,2022,VER,-2224.0845713104204,-3109.9555877617663,197.0,Off
Miami Grand Prix,2022,VER,-2378.7922194146167,-3005.2160433629915,200.0,Off
Miami Grand Prix,2022,VER,-2393.0,-2995.0,200.47143131428572,Off
Miami Grand Prix,2022,VER,-2439.461347748264,-2955.7763382065395,204.0,Off
Miami Grand Prix,2022,VER,-2503.0,-2889.0,206.8250048,Off
Miami Grand Prix,2022,VER,-2687.2781556921286,-2698.519733807841,211.0,Off
Miami Grand Prix,2022,VER,-2736.0,-2650.0,212.1812528,Off
Miami Grand Prix,2022,VER,-2818.0,-2581.0,216.1187528,Off
Miami Grand Prix,2022,VER,-2856.5670318221323,-2554.512943878852,218.0,Off
Miami Grand Prix,2022,VER,-2949.0,-2499.0,218.0,Off
Miami Grand Prix,2022,VER,-3071.0,-2450.0,218.0,Off
Miami Grand Prix,2022,VER,-3073.761245399969,-2449.1505082310364,218.0,Off
Miami Grand Prix,2022,VER,-3162.02571544236,-2427.997797266582,217.0,Off
Miami Grand Prix,2022,VER,-3182.0,-2425.0,216.8541664,Off
Miami Grand Prix,2022,VER,-3277.0,-2419.0,216.18749973333334,Off
Miami Grand Prix,2022,VER,-3303.9300596158623,-2419.665896561889,216.0,Off
Miami Grand Prix,2022,VER,-3420.0,-2434.0,213.2142848,Off
Miami Grand Prix,2022,VER,-3470.0341493471537,-2445.471108507363,212.0,Off
Miami Grand Prix,2022,VER,-3571.0,-2476.0,209.08333226666667,Off
Miami Grand Prix,2022,VER,-3607.321367625134,-2488.1700393230726,208.0,Off
Miami Grand Prix,2022,VER,-3736.695968207415,-2537.7890239824287,205.0,Off
Miami Grand Prix,2022,VER,-3744.0,-2541.0,205.0437504,Off
Miami Grand Prix,2022,VER,-3846.0,-2592.0,205.6687504,Off
Miami Grand Prix,2022,VER,-3898.391635339068,-2624.5695014814605,206.0,Off
Miami Grand Prix,2022,VER,-3950.0,-2660.0,204.234372,Off
Miami Grand Prix,2022,VER,-4034.0255601817507,-2728.1043408482624,201.0,Off
Miami Grand Prix,2022,VER,-4052.0,-2747.0,199.2124896,Off
Miami Grand Prix,2022,VER,-4154.0,-2866.0,190.54582293333334,Off
Miami Grand Prix,2022,VER,-4175.817657077806,-2892.7446950153394,188.0,Off
Miami Grand Prix,2022,VER,-4228.0,-2981.0,172.74090123636364,Off
Miami Grand Prix,2022,VER,-4242.908578635791,-3008.699631041709,170.0,Off
Miami Grand Prix,2022,VER,-4250.0,-3022.0,167.937488,Off
Miami Grand Prix,2022,VER,-4269.062954862221,-3060.5981242058906,160.0,Off
Miami Grand Prix,2022,VER,-4283.0,-3093.0,156.04499328,Off
Miami Grand Prix,2022,VER,-4296.382538930866,-3125.277351498271,153.0,Off
Miami Grand Prix,2022,VER,-4321.0,-3188.0,149.72142445714286,Off
Miami Grand Prix,2022,VER,-4335.989110005449,-3232.1537664719363,147.0,Off
Miami Grand Prix,2022,VER,-4349.0,-3289.0,144.5062464,Off
Miami Grand Prix,2022,VER,-4351.682299170512,-3304.330443944892,144.0,Off
Miami Grand Prix,2022,VER,-4367.0,-3412.0,139.6749952,Off
Miami Grand Prix,2022,VER,-4370.791779200741,-3459.9207175305933,135.0,Off
Miami Grand Prix,2022,VER,-4369.0,-3486.0,132.33999616,Off
Miami Grand Prix,2022,VER,-4367.7358032653265,-3506.9117275346116,131.0,Off
Miami Grand Prix,2022,VER,-4363.0,-3566.0,130.23499904,Off
Miami Grand Prix,2022,VER,-4360.604991599276,-3583.623936667873,130.0,Off
Miami Grand Prix,2022,VER,-4349.03160959467,-3640.406191927453,130.0,Off
Miami Grand Prix,2022,VER,-4335.0,-3690.0,127.4499968,Off
Miami Grand Prix,2022,VER,-4326.21694400904,-3716.1352634018394,126.0,Off
Miami Grand Prix,2022,VER,-4308.0,-3754.0,126.62777884444445,Off
Miami Grand Prix,2022,VER,-4231.0,-3860.0,127.96111217777778,Off
Miami Grand Prix,2022,VER,-4229.029095855684,-3862.35226821946,128.0,Off
Miami Grand Prix,2022,VER,-4195.010949306808,-3896.600151390985,129.0,Off
Miami Grand Prix,2022,VER,-4171.776848987477,-3905.73012565323,129.0,Off
Miami Grand Prix,2022,VER,-4151.0,-3914.0,130.1625024,Off
Miami Grand Prix,2022,VER,-4104.471530403442,-3931.272591357642,132.0,Off
Miami Grand Prix,2022,VER,-4090.0,-3934.0,132.8250048,Off
Miami Grand Prix,2022,VER,-3950.435940748599,-3934.37936829324,139.0,Off
Miami Grand Prix,2022,VER,-3945.0,-3934.0,139.27857554285714,Off
Miami Grand Prix,2022,VER,-3883.0,-3922.0,144.8714313142857,Off
Miami Grand Prix,2022,VER,-3881.229854239187,-3921.5322420271855,145.0,Off
Miami Grand Prix,2022,VER,-3766.0,-3893.0,150.8714313142857,Off
Miami Grand Prix,2022,VER,-3763.327783932577,-3892.399294741282,151.0,Off
Miami Grand Prix,2022,VER,-3661.0,-3872.0,161.06451932570167,Off
Miami Grand Prix,2022,VER,-3640.610991977779,-3868.492231420839,163.0,Off
Miami Grand Prix,2022,VER,-3578.0,-3859.0,167.50000213333334,Off
Miami Grand Prix,2022,VER,-3529.1839461658537,-3853.4625010180534,171.0,Off
Miami Grand Prix,2022,VER,-3455.0,-3848.0,179.7187536,Off
Miami Grand Prix,2022,VER,-3452.508073546058,-3847.8679621982355,180.0,Off
Miami Grand Prix,2022,VER,-3363.0,-3845.0,183.75000137142857,Off
Miami Grand Prix,2022,VER,-3310.4311775828114,-3845.0335458870873,186.0,Off
Miami Grand Prix,2022,VER,-3280.0,-3846.0,187.83333546666665,Off
Miami Grand Prix,2022,VER,-3070.195630557452,-3864.303482220371,198.0,Off
Miami Grand Prix,2022,VER,-3050.0,-3867.0,199.1904785401148,Off
Miami Grand Prix,2022,VER,-2906.0,-3901.0,210.7551060687682,Off
Miami Grand Prix,2022,VER,-2871.144208403836,-3912.250381996916,213.0,Off
Miami Grand Prix,2022,VER,-2767.0,-3947.0,218.19000576,Off
Miami Grand Prix,2022,VER,-2750.8308943949996,-3952.323071545878,219.0,Off
Miami Grand Prix,2022,VER,-2672.0,-3978.0,219.0,Off
Miami Grand Prix,2022,VER,-2655.9657183331824,-3983.2166813190374,219.0,Off
Miami Grand Prix,2022,VER,-2560.3623850866898,-4014.275723252019,226.0,Off
Miami Grand Prix,2022,VER,-2504.0,-4032.0,229.4875072,Off
Miami Grand Prix,2022,VER,-2462.97878185444,-4044.5520434180808,232.0,Off
Miami Grand Prix,2022,VER,-2455.0,-4047.0,232.1625024,Off
Miami Grand Prix,2022,VER,-2294.0,-4097.0,235.4125024,Off
Miami Grand Prix,2022,VER,-2264.2363294379497,-4105.834548822222,236.0,Off
Miami Grand Prix,2022,VER,-2153.0,-4136.0,239.2437536,Off
Miami Grand Prix,2022,VER,-2057.436791111067,-4155.414143512433,242.0,Off
Miami Grand Prix,2022,VER,-1969.0,-4167.0,244.4937536,Off
Miami Grand Prix,2022,VER,-1859.0,-4173.0,247.4937536,Off
Miami Grand Prix,2022,VER,-1840.203574889379,-4173.387558982164,248.0,Off
Miami Grand Prix,2022,VER,-1670.6901408982628,-4170.2287624310275,253.0,Off
Miami Grand Prix,2022,VER,-1647.0,-4169.0,253.4125024,Off
Miami Grand Prix,2022,VER,-1533.0,-4161.0,255.4125024,Off
Miami Grand Prix,2022,VER,-1361.0,-4146.0,258.4125024,Off
Miami Grand Prix,2022,VER,-1311.54838411275,-4141.7001394368945,259.0,Off
Miami Grand Prix,2022,VER,-1099.0,-4124.0,261.59500288,Off
Miami Grand Prix,2022,VER,-882.1929279774826,-4110.048120350372,265.0,Off
Miami Grand Prix,2022,VER,-726.0,-4104.0,268.3886394181818,Off
Miami Grand Prix,2022,VER,-580.1625762478453,-4101.216429018351,272.0,Off
Miami Grand Prix,2022,VER,-458.97483723896346,-4100.088808282529,275.0,Off
Miami Grand Prix,2022,VER,-451.0,-4100.0,275.13000192,Off
Miami Grand Prix,2022,VER,-333.52451769471287,-4098.506696308873,277.0,Off
Miami Grand Prix,2022,VER,-297.0,-4098.0,277.3312512,Off
Miami Grand Prix,2022,VER,-217.14847496265793,-4096.857502743488,278.0,Off
Miami Grand Prix,2022,VER,-158.0,-4096.0,278.0,Off
Miami Grand Prix,2022,VER,-46.103234411895635,-4094.3771617207913,278.0,Off
Miami Grand Prix,2022,VER,146.77979974416706,-4091.7561642513,282.0,Off
Miami Grand Prix,2022,VER,217.0,-4091.0,282.73000192,Off
Miami Grand Prix,2022,VER,337.93305835016395,-4089.981841016903,284.0,Off
Miami Grand Prix,2022,VER,513.9107586367851,-4089.121448902929,286.0,Off
Miami Grand Prix,2022,VER,575.0,-4089.0,287.1750016,Off
Miami Grand Prix,2022,VER,608.588397275917,-4089.020753184165,288.0,Off
Miami Grand Prix,2022,VER,687.0,-4091.0,288.87000064,Off
Miami Grand Prix,2022,VER,702.9533054036547,-4091.845970251539,289.0,Off
Miami Grand Prix,2022,VER,864.0698092306412,-4103.420055923726,291.0,Off
Miami Grand Prix,2022,VER,957.0,-4114.0,291.4107145142857,Off
Miami Grand Prix,2022,VER,1076.0,-4136.0,291.9821430857143,Off
Miami Grand Prix,2022,VER,1080.4113121526227,-4137.036022437089,292.0,Off
Miami Grand Prix,2022,VER,1343.9965917634445,-4210.211350064529,292.0,Off
Miami Grand Prix,2022,VER,1406.0,-4229.0,292.34090938181816,Off
Miami Grand Prix,2022,VER,1515.0,-4267.0,293.4318184727273,Off
Miami Grand Prix,2022,VER,1621.3666062990342,-4305.06224043311,294.0,Off
Miami Grand Prix,2022,VER,1888.0,-4399.0,295.90773145659557,Off
Miami Grand Prix,2022,VER,1964.5541621492807,-4424.995775778655,297.0,Off
Miami Grand Prix,2022,VER,2029.0,-4446.0,297.6045463272727,Off
Miami Grand Prix,2022,VER,2171.0,-4492.0,298.4227281454545,Off
Miami Grand Prix,2022,VER,2297.0994346848306,-4531.57707561972,299.0,Off
Miami Grand Prix,2022,VER,2506.0,-4594.0,299.96500096,Off
Miami Grand Prix,2022,VER,2513.3630205711993,-4596.091506206841,300.0,Off
Miami Grand Prix,2022,VER,2677.0064464193547,-4640.390260784675,301.0,Off
Miami Grand Prix,2022,VER,2912.0,-4698.0,301.9156256,Off
Miami Grand Prix,2022,VER,2925.651302150239,-4701.222541436637,302.0,Off
Miami Grand Prix,2022,VER,3027.0,-4722.0,303.26500096,Off
Miami Grand Prix,2022,VER,3138.004643319269,-4740.640036991481,304.0,Off
Miami Grand Prix,2022,VER,3277.0,-4761.0,304.0,Off
Miami Grand Prix,2022,VER,3283.1844792334105,-4761.789016009787,304.0,Off
Miami Grand Prix,2022,VER,3513.0,-4784.0,305.9500013714286,Off
Miami Grand Prix,2022,VER,3518.6296833820993,-4784.409887538645,306.0,Off
Miami Grand Prix,2022,VER,3666.0,-4792.0,306.0,Off
Miami Grand Prix,2022,VER,3694.825863775999,-4792.5874520325315,306.0,Off
Miami Grand Prix,2022,VER,3973.0,-4792.0,306.64722275555556,Off
Miami Grand Prix,2022,VER,4059.785598184604,-4790.126821919413,307.0,Off
Miami Grand Prix,2022,VER,4177.0,-4782.0,307.0,Off
Miami Grand Prix,2022,VER,4202.452765494977,-4780.088095924629,307.0,Off
Miami Grand Prix,2022,VER,4449.0,-4760.0,307.5916672,Off
Miami Grand Prix,2022,VER,4574.370863628934,-4745.399875871036,308.0,Off
Miami Grand Prix,2022,VER,4585.0,-4744.0,308.0406256,Off
Miami Grand Prix,2022,VER,4806.0,-4711.0,308.8531256,Off
Miami Grand Prix,2022,VER,4845.218643877806,-4704.1905803589425,309.0,Off
Miami Grand Prix,2022,VER,5025.0,-4668.0,309.76071497142857,Off
Miami Grand Prix,2022,VER,5087.68367484613,-4653.301347117144,310.0,Off
Miami Grand Prix,2022,VER,5259.0,-4609.0,310.0,Off
Miami Grand Prix,2022,VER,5324.752921711958,-4590.466142276409,310.0,Off
Miami Grand Prix,2022,VER,5606.0,-4503.0,310.81388942222225,Off
Miami Grand Prix,2022,VER,5669.22445353625,-4482.297096702399,311.0,Off
Miami Grand Prix,2022,VER,5855.476253650054,-4419.439397857465,311.0,Off
Miami Grand Prix,2022,VER,6024.0,-4362.0,311.5388892444444,Off
Miami Grand Prix,2022,VER,6155.124054184616,-4317.71805194352,312.0,Off
Miami Grand Prix,2022,VER,6303.0,-4268.0,312.80833386666666,Off
Miami Grand Prix,2022,VER,6339.01224932601,-4255.870242816963,313.0,Off
Miami Grand Prix,2022,VER,6563.977062440377,-4179.8150159232055,314.0,Off
Miami Grand Prix,2022,VER,6625.0,-4159.0,313.6874997333333,Off
Miami Grand Prix,2022,VER,6759.235085632358,-4112.873112296047,313.0,Off
Miami Grand Prix,2022,VER,6915.841534481114,-4058.5025547894256,313.0,Off
Miami Grand Prix,2022,VER,7003.0,-4028.0,313.0,Off
Miami Grand Prix,2022,VER,7038.988700345173,-4015.323691003252,313.0,Off
Miami Grand Prix,2022,VER,7198.0,-3956.0,311.1785709714286,Off
Miami Grand Prix,2022,VER,7223.590119898164,-3945.960766823887,311.0,Off
Miami Grand Prix,2022,VER,7518.0,-3828.0,310.16370064938377,Off
Miami Grand Prix,2022,VER,7565.690369592194,-3808.4187722834345,310.0,Off
Miami Grand Prix,2022,VER,7689.906201407181,-3755.7603129822455,310.0,Off
Miami Grand Prix,2022,VER,7814.77936874242,-3699.230827457751,309.0,Off
Miami Grand Prix,2022,VER,7833.0,-3691.0,309.0,Off
Miami Grand Prix,2022,VER,7905.979573850668,-3658.1070487637926,309.0,Off
Miami Grand Prix,2022,VER,8005.0,-3613.0,308.45357074285715,Off
Miami Grand Prix,2022,VER,8101.340726158103,-3568.1736468052663,308.0,Off
Miami Grand Prix,2022,VER,8191.0,-3526.0,307.15249856,Off
Miami Grand Prix,2022,VER,8330.0,-3460.0,305.80249856,Off
Miami Grand Prix,2022,VER,8411.7945767313,-3420.8373668034924,305.0,Off
Miami Grand Prix,2022,VER,8573.0,-3343.0,301.0062464,Off
Miami Grand Prix,2022,VER,8736.0,-3263.0,296.8812464,Off
Miami Grand Prix,2022,VER,8770.219502603512,-3245.6985502768325,296.0,Off
Miami Grand Prix,2022,VER,8851.0,-3204.0,289.87915626666666,Off
Miami Grand Prix,2022,VER,8937.154503714362,-3158.218365956399,283.0,Off
Miami Grand Prix,2022,VER,8958.0,-3147.0,275.7124576,Off
Miami Grand Prix,2022,VER,9072.99515672219,-3083.94752758593,230.0,Off
Miami Grand Prix,2022,VER,9145.0,-3042.0,223.21998848,Off
Miami Grand Prix,2022,VER,9211.64374976795,-3001.8816997492327,218.0,Off
Miami Grand Prix,2022,VER,9280.0,-2960.0,208.1187296,Off
Miami Grand Prix,2022,VER,9371.117960487629,-2901.5840270147637,184.0,Off
Miami Grand Prix,2022,VER,9427.0,-2857.0,166.43054222222221,Off
Miami Grand Prix,2022,VER,9464.501542338903,-2826.1786140426034,159.0,Off
Miami Grand Prix,2022,VER,9500.0,-2795.0,152.6892726857143,Off
Miami Grand Prix,2022,VER,9563.0,-2731.0,140.47498697142856,Off
Miami Grand Prix,2022,VER,9564.869999691138,-2728.860131414822,140.0,Off
Miami Grand Prix,2022,VER,9593.0,-2692.0,133.90415786666668,Off
Miami Grand Prix,2022,VER,9616.05651617378,-2655.5953001950033,129.0,Off
Miami Grand Prix,2022,VER,9648.899840855396,-2596.239367100628,120.0,Off
Miami Grand Prix,2022,VER,9651.0,-2592.0,119.4312416,Off
Miami Grand Prix,2022,VER,9668.462979196756,-2550.758469614433,113.0,Off
Miami Grand Prix,2022,VER,9676.479695972681,-2509.5042756094927,113.0,Off
Miami Grand Prix,2022,VER,9678.0,-2485.0,105.937488,Off
Miami Grand Prix,2022,VER,9678.16190386956,-2474.257672876215,103.0,Off
Miami Grand Prix,2022,VER,9674.0,-2436.0,98.62856594285714,Off
Miami Grand Prix,2022,VER,9659.117330237697,-2398.1773200490225,95.0,Off
Miami Grand Prix,2022,VER,9642.0,-2366.0,94.2874992,Off
Miami Grand Prix,2022,VER,9614.063337439184,-2326.3204217187135,93.0,Off
Miami Grand Prix,2022,VER,9592.0,-2302.0,86.2624944,Off
Miami Grand Prix,2022,VER,9591.069409272353,-2301.005597096518,86.0,Off
Miami Grand Prix,2022,VER,9566.0,-2275.0,84.7166656,Off
Miami Grand Prix,2022,VER,9552.224320025984,-2261.4475813182803,84.0,Off
Miami Grand Prix,2022,VER,9540.0,-2250.0,85.01139112362408,Off
Miami Grand Prix,2022,VER,9492.0,-2209.0,88.56492135727798,Off
Miami Grand Prix,2022,VER,9473.210530133405,-2193.6780043444364,90.0,Off
Miami Grand Prix,2022,VER,9449.0,-2174.0,91.4375008,Off
Miami Grand Prix,2022,VER,9437.082823944747,-2164.234337432853,92.0,Off
Miami Grand Prix,2022,VER,9357.0,-2098.0,96.91071542857142,Off
Miami Grand Prix,2022,VER,9356.094253357034,-2097.2418717095265,97.0,Off
Miami Grand Prix,2022,VER,9331.0,-2075.0,105.46260768312159,Off
Miami Grand Prix,2022,VER,9306.969100919745,-2052.171003926568,110.0,Off
Miami Grand Prix,2022,VER,9259.0,-2004.0,117.72000768,Off
Miami Grand Prix,2022,VER,9257.374661847056,-2002.2391498876054,118.0,Off
Miami Grand Prix,2022,VER,9220.0,-1958.0,121.2437536,Off
Miami Grand Prix,2022,VER,9191.845424779665,-1916.7049369424078,124.0,Off
Miami Grand Prix,2022,VER,9173.0,-1885.0,121.57856731428572,Off
Miami Grand Prix,2022,VER,9150.096960268314,-1838.6916774458,118.0,Off
Miami Grand Prix,2022,VER,9146.0,-1827.0,118.0,Off
Miami Grand Prix,2022,VER,9131.142247547921,-1770.1906516919769,118.0,Off
Miami Grand Prix,2022,VER,9120.0,-1713.0,113.4281184,Off
Miami Grand Prix,2022,VER,9117.049906889775,-1676.2617233003248,107.0,Off
Miami Grand Prix,2022,VER,9120.0,-1653.0,106.33499904,Off
Miami Grand Prix,2022,VER,9127.0,-1601.0,105.43499904,Off
Miami Grand Prix,2022,VER,9132.346900385975,-1575.7082343781567,105.0,Off
Miami Grand Prix,2022,VER,9143.0,-1539.0,103.00499712,Off
Miami Grand Prix,2022,VER,9149.365291776801,-1521.1487222484661,102.0,Off
Miami Grand Prix,2022,VER,9162.0,-1491.0,101.52916586666667,Off
Miami Grand Prix,2022,VER,9179.830204342079,-1455.0103712109149,101.0,Off
Miami Grand Prix,2022,VER,9191.0,-1435.0,100.50227141818182,Off
Miami Grand Prix,2022,VER,9230.0,-1378.0,98.86590778181818,Off
Miami Grand Prix,2022,VER,9252.952550162103,-1351.873426085044,98.0,Off
Miami Grand Prix,2022,VER,9287.0,-1320.0,97.03888782222222,Off
Miami Grand Prix,2022,VER,9325.0,-1291.0,96.03888782222222,Off
Miami Grand Prix,2022,VER,9326.454235389287,-1289.9790888804189,96.0,Off
Miami Grand Prix,2022,VER,9386.0,-1256.0,97.5812512,Off
Miami Grand Prix,2022,VER,9410.840282122259,-1245.9387841200185,98.0,Off
Miami Grand Prix,2022,VER,9464.0,-1227.0,99.2468768,Off
Miami Grand Prix,2022,VER,9510.741410357152,-1214.1283963734904,101.0,Off
Miami Grand Prix,2022,VER,9537.929802047498,-1211.0603542978342,105.0,Off
Miami Grand Prix,2022,VER,9555.0,-1209.0,106.52083733333333,Off
Miami Grand Prix,2022,VER,9605.095595376972,-1203.029076569141,110.0,Off
Miami Grand Prix,2022,VER,9630.0,-1202.0,112.281256,Off
Miami Grand Prix,2022,VER,9637.0,-1202.0,112.906256,Off
Miami Grand Prix,2022,VER,9659.781288581495,-1201.604656593831,115.0,Off
Miami Grand Prix,2022,VER,9717.0,-1199.0,120.04583893333333,Off
Miami Grand Prix,2022,VER,9740.971327634947,-1198.5686959556679,122.0,Off
Miami Grand Prix,2022,VER,9815.0,-1198.0,129.2750048,Off
Miami Grand Prix,2022,VER,9894.687750779229,-1194.2916209595821,137.0,Off
Miami Grand Prix,2022,VER,9900.0,-1194.0,137.64167253333332,Off
Miami Grand Prix,2022,VER,9972.0,-1187.0,145.89167253333332,Off
Miami Grand Prix,2022,VER,9995.506031470693,-1181.8730064066606,148.0,Off
Miami Grand Prix,2022,VER,10116.0,-1145.0,152.58571702857142,Off
Miami Grand Prix,2022,VER,10141.875555758119,-1135.1765210255408,154.0,Off
Miami Grand Prix,2022,VER,10209.33077160225,-1095.2265020710433,161.0,Off
Miami Grand Prix,2022,VER,10214.0,-1092.0,161.16071497142858,Off
Miami Grand Prix,2022,VER,10280.0,-1044.0,163.0892864,Off
Miami Grand Prix,2022,VER,10309.200968911413,-1018.5445376453736,164.0,Off
Miami Grand Prix,2022,VER,10351.0,-976.0,159.66071222857144,Off
Miami Grand Prix,2022,VER,10391.807321863129,-928.4203141393841,155.0,Off
Miami Grand Prix,2022,VER,10401.0,-917.0,153.5053350047738,Off
Miami Grand Prix,2022,VER,10458.82461160871,-837.6728127914917,143.0,Off
Miami Grand Prix,2022,VER,10475.0,-811.0,138.92999296,Off
Miami Grand Prix,2022,VER,10501.918500653232,-760.6845111655339,132.0,Off
Miami Grand Prix,2022,VER,10529.0,-704.0,122.71070262857143,Off
Miami Grand Prix,2022,VER,10542.321829929462,-673.1656913981344,115.0,Off
Miami Grand Prix,2022,VER,10552.0,-614.0,102.18124159999999,Off
Miami Grand Prix,2022,VER,10552.610845074754,-604.4358318407361,101.0,Off
Miami Grand Prix,2022,VER,10555.0,-545.0,95.8999936,Off
Miami Grand Prix,2022,VER,10554.512728759846,-522.5034333858895,93.0,Off
Miami Grand Prix,2022,VER,10543.0,-489.0,84.56666026666667,Off
Miami Grand Prix,2022,VER,10532.304096686692,-468.97884478838176,81.0,Off
Miami Grand Prix,2022,VER,10526.0,-459.0,80.07249664,Off
Miami Grand Prix,2022,VER,10478.0,-411.0,74.47249664,Off
Miami Grand Prix,2022,VER,10473.47362846307,-407.4014798374304,74.0,Off
Miami Grand Prix,2022,VER,10451.0,-390.0,73.1687488,Off
Miami Grand Prix,2022,VER,10446.638711915446,-386.449301466562,73.0,Off
Miami Grand Prix,2022,VER,10424.0,-366.0,70.81428297142857,Off
Miami Grand Prix,2022,VER,10409.140821213527,-348.2949233983628,69.0,Off
Miami Grand Prix,2022,VER,10403.0,-337.0,69.81111324444444,Off
Miami Grand Prix,2022,VER,10396.0,-296.0,72.25555768888889,Off
Miami Grand Prix,2022,VER,10396.113899362452,-281.79056680262187,73.0,Off
Miami Grand Prix,2022,VER,10400.0,-239.0,73.0,Off
Miami Grand Prix,2022,VER,10403.499488142506,-212.72361239076994,73.0,Off
Miami Grand Prix,2022,VER,10407.0,-190.0,72.2937488,Off
Miami Grand Prix,2022,VER,10413.0,-154.0,71.1687488,Off
Miami Grand Prix,2022,VER,10413.8806751123,-148.79012091183546,71.0,Off
Miami Grand Prix,2022,VER,10419.0,-120.0,71.0,Off
Miami Grand Prix,2022,VER,10427.724184951809,-80.21254477480336,71.0,Off
Miami Grand Prix,2022,VER,10430.0,-66.0,72.09500288,Off
Miami Grand Prix,2022,VER,10431.0,-58.0,72.69500288,Off
Miami Grand Prix,2022,VER,10434.836080274557,-35.724863844513536,74.0,Off
Miami Grand Prix,2022,VER,10450.020741090497,31.570262378024992,79.0,Off
Miami Grand Prix,2022,VER,10454.0,49.0,80.21666986666666,Off
Miami Grand Prix,2022,VER,10458.3030666406,69.15273963101649,83.0,Off
Miami Grand Prix,2022,VER,10460.0,78.0,86.25500672,Off
Miami Grand Prix,2022,VER,10462.645585307495,91.76493687422465,90.0,Off
Miami Grand Prix,2022,VER,10470.0,129.0,95.62917226666667,Off
Miami Grand Prix,2022,VER,10472.496600793533,141.25948674404137,97.0,Off
Miami Grand Prix,2022,VER,10485.134492434941,202.74022295106374,109.0,Off
Miami Grand Prix,2022,VER,10486.0,207.0,108.71999744,Off
Miami Grand Prix,2022,VER,10496.0,259.0,105.11999744,Off
Miami Grand Prix,2022,VER,10496.266292526156,260.6302625805054,105.0,Off
Miami Grand Prix,2022,VER,10502.0,303.0,99.60999552,Off
Miami Grand Prix,2022,VER,10503.862133453076,318.23583685998506,98.0,Off
Miami Grand Prix,2022,VER,10511.0,390.0,98.0,Off
Miami Grand Prix,2022,VER,10511.481975299617,404.68303418404787,98.0,Off
Miami Grand Prix,2022,VER,10502.738072009439,476.66599718306344,85.0,Off
Miami Grand Prix,2022,VER,10500.0,489.0,83.5937488,Off
Miami Grand Prix,2022,VER,10497.039889740681,501.43778596737957,82.0,Off
Miami Grand Prix,2022,VER,10488.254888369336,526.5475301103537,80.0,Off
Miami Grand Prix,2022,VER,10474.0,546.0,77.53571291428571,Off
Miami Grand Prix,2022,VER,10439.026761974552,582.9782176969239,74.0,Off
Miami Grand Prix,2022,VER,10418.0,603.0,72.85572039187117,Off
Miami Grand Prix,2022,VER,10409.529255389984,609.9957272377267,72.0,Off
Miami Grand Prix,2022,VER,10397.0,615.0,70.0749984,Off
Miami Grand Prix,2022,VER,10396.096962006852,615.3576744419585,70.0,Off
Miami Grand Prix,2022,VER,10347.552987233099,635.039997900311,70.0,Off
Miami Grand Prix,2022,VER,10316.0,647.0,70.95000137142857,Off
Miami Grand Prix,2022,VER,10295.342390678543,652.9316065226111,72.0,Off
Miami Grand Prix,2022,VER,10276.0,656.0,74.5500032,Off
Miami Grand Prix,2022,VER,10259.507113086305,658.7065322140957,76.0,Off
Miami Grand Prix,2022,VER,10208.0,666.0,84.87500800000001,Off
Miami Grand Prix,2022,VER,10201.27801989258,666.6177680350168,86.0,Off
Miami Grand Prix,2022,VER,10183.0,668.0,88.32273338181818,Off
Miami Grand Prix,2022,VER,10126.0,671.0,95.32273338181818,Off
Miami Grand Prix,2022,VER,10084.769964299085,670.6205036491685,100.0,Off
Miami Grand Prix,2022,VER,10020.0,668.0,107.9875072,Off
Miami Grand Prix,2022,VER,9985.177971038342,666.8220277166614,112.0,Off
Miami Grand Prix,2022,VER,9954.0,666.0,116.6500096,Off
Miami Grand Prix,2022,VER,9439.0,676.0,173.6500096,Off
Miami Grand Prix,2022,VER,9374.478177625637,677.8470519931911,178.0,Off
Miami Grand Prix,2022,VER,9232.014535355394,681.819483530287,182.0,Off
Miami Grand Prix,2022,VER,9225.0,682.0,182.50556302222222,Off
Miami Grand Prix,2022,VER,9106.0,684.0,194.17222968888888,Off
Miami Grand Prix,2022,VER,9077.453729402605,684.2608270320648,196.0,Off
Miami Grand Prix,2022,VER,8869.0,686.0,204.68636974545456,Off
Miami Grand Prix,2022,VER,8787.185951565734,686.9367729646922,210.0,Off
Miami Grand Prix,2022,VER,8703.0,688.0,215.3250048,Off
Miami Grand Prix,2022,VER,8689.44640769819,688.1310681341738,216.0,Off
Miami Grand Prix,2022,VER,8605.0,689.0,219.3250048,Off
Miami Grand Prix,2022,VER,8496.388192564744,690.5425367569921,222.0,Off
Miami Grand Prix,2022,VER,8399.0,692.0,224.3500032,Off
Miami Grand Prix,2022,VER,8247.405706821375,694.0534450451966,231.0,Off
Miami Grand Prix,2022,VER,8165.0,695.0,234.89091141818182,Off
Miami Grand Prix,2022,VER,8025.331593636377,696.8100354877529,239.0,Off
Miami Grand Prix,2022,VER,8012.0,697.0,239.24561624130467,Off
Miami Grand Prix,2022,VER,7808.0,700.0,242.40351047161738,Off
Miami Grand Prix,2022,VER,7685.453114020936,701.661275708533,246.0,Off
Miami Grand Prix,2022,VER,7599.0,703.0,251.3750016,Off
Miami Grand Prix,2022,VER,7555.769190197112,703.7926270138499,253.0,Off
Miami Grand Prix,2022,VER,7485.0,705.0,254.47975207072938,Off
Miami Grand Prix,2022,VER,7322.754385948115,706.5822447315795,258.0,Off
Miami Grand Prix,2022,VER,7284.0,707.0,258.81000192,Off
Miami Grand Prix,2022,VER,7177.907618066559,708.5392016829082,261.0,Off
Miami Grand Prix,2022,VER,7153.0,709.0,261.5666688,Off
Miami Grand Prix,2022,VER,7021.0,712.0,264.5500032,Off
Miami Grand Prix,2022,VER,7001.018517719679,712.4894290801814,265.0,Off
Miami Grand Prix,2022,VER,6829.0,717.0,267.11818356363636,Off
Miami Grand Prix,2022,VER,6681.7257813034175,721.6856521085407,269.0,Off
Miami Grand Prix,2022,VER,6673.0,722.0,269.22750336,Off
Miami Grand Prix,2022,VER,6505.0,729.0,273.77750336,Off
Miami Grand Prix,2022,VER,6410.257403844765,733.3311562776679,276.0,Off
Miami Grand Prix,2022,VER,6289.0,739.0,278.29500288,Off
Miami Grand Prix,2022,VER,6252.293837484691,740.7252531204462,279.0,Off
Miami Grand Prix,2022,VER,6180.0,744.0,279.93000192,Off
Miami Grand Prix,2022,VER,6096.225720930529,747.2400052066139,281.0,Off
Miami Grand Prix,2022,VER,6007.0,750.0,282.4125024,Off
Miami Grand Prix,2022,VER,5865.0,753.0,284.6625024,Off
Miami Grand Prix,2022,VER,5844.458906917092,753.3363314277146,285.0,Off
Miami Grand Prix,2022,VER,5654.7096743710235,755.8190850990622,288.0,Off
Miami Grand Prix,2022,VER,5642.0,756.0,288.0928585142857,Off
Miami Grand Prix,2022,VER,5334.1191604194555,761.6113171608297,290.0,Off
Miami Grand Prix,2022,VER,5320.0,762.0,290.09750144,Off
Miami Grand Prix,2022,VER,5001.4796490959625,776.5912513490537,293.0,Off
Miami Grand Prix,2022,VER,4994.0,777.0,293.06500096,Off
Miami Grand Prix,2022,VER,4908.852073417363,781.6350984416749,294.0,Off
Miami Grand Prix,2022,VER,4821.016227572572,786.2415446472772,295.0,Off
Miami Grand Prix,2022,VER,4748.0,790.0,295.52142994285714,Off
Miami Grand Prix,2022,VER,4534.0,801.0,296.6642870857143,Off
Miami Grand Prix,2022,VER,4475.972862158793,804.0455223538694,297.0,Off
Miami Grand Prix,2022,VER,4190.708249575473,819.7528867085834,299.0,Off
Miami Grand Prix,2022,VER,4168.0,821.0,299.33000192,Off
Miami Grand Prix,2022,VER,4067.8457495264593,826.3773183391411,301.0,Off
Miami Grand Prix,2022,VER,3936.468317876474,833.1251399705947,302.0,Off
Miami Grand Prix,2022,VER,3900.0,835.0,302.53000192,Off
Miami Grand Prix,2022,VER,3780.830658125399,841.2061591771464,304.0,Off
Miami Grand Prix,2022,VER,3748.0,843.0,304.2062512,Off
Miami Grand Prix,2022,VER,3468.0,859.0,305.7125008,Off
Miami Grand Prix,2022,VER,3428.050305335528,861.231300698192,306.0,Off
Miami Grand Prix,2022,VER,3313.2608133460267,867.2437320230765,307.0,Off
Miami Grand Prix,2022,VER,3280.0,869.0,307.3000007111111,Off
Miami Grand Prix,2022,VER,3023.0,882.0,308.96666737777775,Off
Miami Grand Prix,2022,VER,3016.465786794096,882.2727186959344,309.0,Off
Miami Grand Prix,2022,VER,2834.0,889.0,309.6416672,Off
Miami Grand Prix,2022,VER,2488.0,898.0,310.8916672,Off
Miami Grand Prix,2022,VER,2464.281913928495,898.4944430861898,311.0,Off
Miami Grand Prix,2022,VER,2326.2285296102546,900.7491173179708,312.0,Off
Miami Grand Prix,2022,VER,2231.376638308571,902.2047764377068,313.0,Off
Miami Grand Prix,2022,VER,2193.0,903.0,313.0,Off
Miami Grand Prix,2022,VER,2111.509919885823,904.9366271537259,313.0,Off
Miami Grand Prix,2022,VER,2018.0,907.0,313.5937504,Off
Miami Grand Prix,2022,VER,1937.963635884485,908.5012228652,314.0,Off
Miami Grand Prix,2022,VER,1791.0,911.0,314.0,Off
Miami Grand Prix,2022,VER,1744.2782438823735,911.7670117457541,314.0,Off
Miami Grand Prix,2022,VER,1546.0,915.0,314.9781256,Off
Miami Grand Prix,2022,VER,1541.1276439367184,915.0959210711765,315.0,Off
Miami Grand Prix,2022,VER,1410.3646463034029,917.8347033562935,316.0,Off
Miami Grand Prix,2022,VER,1353.0,919.0,316.1656256,Off
Miami Grand Prix,2022,VER,996.4256218290391,925.7754711077214,317.0,Off
Miami Grand Prix,2022,VER,984.0,926.0,317.0,Off
Miami Grand Prix,2022,VER,892.9448240996658,927.4696631280268,317.0,Off
Miami Grand Prix,2022,VER,807.0,929.0,317.42500053333333,Off
Miami Grand Prix,2022,VER,544.3400050334355,934.2447772604171,318.0,Off
Miami Grand Prix,2022,VER,507.0,935.0,318.0916672,Off
Miami Grand Prix,2022,VER,296.45203123562453,939.2839885253579,319.0,Off
Miami Grand Prix,2022,VER,260.0,940.0,318.8343744,Off
Miami Grand Prix,2022,VER,48.0,944.0,318.0843744,Off
Miami Grand Prix,2022,VER,23.847502686296792,944.4227530820444,318.0,Off
Miami Grand Prix,2022,VER,-115.55835957526594,946.7929301292727,316.0,Off
Miami Grand Prix,2022,VER,-127.0,947.0,316.0,Off
Miami Grand Prix,2022,VER,-285.0,950.0,316.0,Off
Miami Grand Prix,2022,VER,-416.9128329011911,952.2100392611126,316.0,Off
Miami Grand Prix,2022,VER,-496.0,954.0,315.6958325333333,Off
Miami Grand Prix,2022,VER,-733.1043472045304,960.5485320473999,315.0,Off
Miami Grand Prix,2022,VER,-748.0,961.0,314.95357074285715,Off
Miami Grand Prix,2022,VER,-889.4131543194397,967.5722544090496,314.0,Off
Miami Grand Prix,2022,VER,-921.0,970.0,313.15681512727275,Off
Miami Grand Prix,2022,VER,-1166.0,990.0,309.02045149090907,Off
Miami Grand Prix,2022,VER,-1278.108186104052,1001.2800151175119,307.0,Off
Miami Grand Prix,2022,VER,-1387.0,1013.0,305.3374976,Off
Miami Grand Prix,2022,VER,-1409.1565142693057,1015.300081247176,305.0,Off
Miami Grand Prix,2022,VER,-1485.0,1023.0,293.5863400727273,Off
Miami Grand Prix,2022,VER,-1706.0,1045.0,256.7681582545455,Off
Miami Grand Prix,2022,VER,-1734.7949623460636,1048.0072288767783,251.0,Off
Miami Grand Prix,2022,VER,-1884.0,1063.0,227.6999808,Off
Miami Grand Prix,2022,VER,-1890.2074685741616,1063.5416563073725,227.0,Off
Miami Grand Prix,2022,VER,-2051.344154238962,1076.2472467297227,216.0,Off
Miami Grand Prix,2022,VER,-2063.0,1077.0,213.85496832,Off
Miami Grand Prix,2022,VER,-2182.9055576730493,1080.7855461103338,183.0,Off
Miami Grand Prix,2022,VER,-2240.7436402220087,1078.2650529893258,174.0,Off
Miami Grand Prix,2022,VER,-2245.0,1078.0,172.5999872,Off
Miami Grand Prix,2022,VER,-2305.539859698944,1071.8060581097986,146.0,Off
Miami Grand Prix,2022,VER,-2322.0,1070.0,141.6062424,Off
Miami Grand Prix,2022,VER,-2388.809129663445,1062.4352153514458,127.0,Off
Miami Grand Prix,2022,VER,-2435.0,1048.0,117.7374896,Off
Miami Grand Prix,2022,VER,-2457.3816779852364,1039.068537315233,114.0,Off
Miami Grand Prix,2022,VER,-2513.0,1014.0,108.60166621028792,Off
Miami Grand Prix,2022,VER,-2556.113150459949,986.2831763590488,97.0,Off
Miami Grand Prix,2022,VER,-2567.0,965.0,89.19999744,Off
Miami Grand Prix,2022,VER,-2567.5311285332978,964.2079635301975,89.0,Off
Miami Grand Prix,2022,VER,-2585.0,937.0,84.94999808,Off
Miami Grand Prix,2022,VER,-2593.029301951399,918.0856846764044,83.0,Off
Miami Grand Prix,2022,VER,-2612.0,850.0,78.53941657478282,Off
Miami Grand Prix,2022,VER,-2613.019767381125,845.4690164073986,78.0,Off
Miami Grand Prix,2022,VER,-2613.0,830.0,73.73999616,Off
Miami Grand Prix,2022,VER,-2609.5140203620103,799.4470748223644,70.0,Off
Miami Grand Prix,2022,VER,-2602.0,755.0,66.0062464,Off
Miami Grand Prix,2022,VER,-2600.0,748.0,65.2562464,Off
Miami Grand Prix,2022,VER,-2596.246806373848,736.7271093086632,64.0,Off
Miami Grand Prix,2022,VER,-2581.0,703.0,61.717855085714284,Off
Miami Grand Prix,2022,VER,-2575.175927719589,692.3918234895139,61.0,Off
Miami Grand Prix,2022,VER,-2561.0,669.0,63.29500288,Off
Miami Grand Prix,2022,VER,-2556.8353631961672,662.5039671347492,64.0,Off
Miami Grand Prix,2022,VER,-2533.0,631.0,65.9968768,Off
Miami Grand Prix,2022,VER,-2510.3562865616154,606.2232448278212,67.0,Off
Miami Grand Prix,2022,VER,-2491.0,586.0,68.39500287999999,Off
Miami Grand Prix,2022,VER,-2476.012467974913,571.2110363242311,70.0,Off
Miami Grand Prix,2022,VER,-2454.0,554.0,70.90357211428571,Off
Miami Grand Prix,2022,VER,-2450.432402122803,551.2036571265929,71.0,Off
Miami Grand Prix,2022,VER,-2415.674611405095,523.5729529139343,81.0,Off
Miami Grand Prix,2022,VER,-2401.0,512.0,82.8250048,Off
Miami Grand Prix,2022,VER,-2382.0,497.0,85.3250048,Off
Miami Grand Prix,2022,VER,-2379.273114173788,492.95033404164406,89.0,Off
Miami Grand Prix,2022,VER,-2363.0,484.0,92.531256,Off
Miami Grand Prix,2022,VER,-2289.0,444.0,97.531256,Off
Miami Grand Prix,2022,VER,-2270.473126288258,434.0922105665886,99.0,Off
Miami Grand Prix,2022,VER,-2193.0,395.0,116.71364421818183,Off
Miami Grand Prix,2022,VER,-2191.2560923250885,394.10532912995626,117.0,Off
Miami Grand Prix,2022,VER,-2139.0,367.0,124.41429394285714,Off
Miami Grand Prix,2022,VER,-2104.1360243974023,348.8493671766017,129.0,"Detected, Eligible"
Miami Grand Prix,2022,VER,-2046.0,319.0,138.08251008,"Detected, Eligible"
Miami Grand Prix,2022,VER,-2032.0,312.0,140.18251008,"Detected, Eligible"
Miami Grand Prix,2022,VER,-1941.4824023049362,267.83935040502524,150.0,"Detected, Eligible"
Miami Grand Prix,2022,VER,-1855.0,227.0,157.78500864,"Detected, Eligible"
Miami Grand Prix,2022,VER,-1844.137556005742,222.0446622510455,159.0,"Detected, Eligible"
Miami Grand Prix,2022,VER,-1794.3653303847686,200.5384198831651,162.0,"Detected, Eligible"
Miami Grand Prix,2022,VER,-1729.8424827167237,185.14488078396587,170.0,"Detected, Eligible"
Miami Grand Prix,2022,VER,-1701.0,181.0,170.0,"Detected, Eligible"
Miami Grand Prix,2022,VER,-1600.0285324375861,169.87991163240977,170.0,"Detected, Eligible"
Miami Grand Prix,2022,VER,-1552.0,166.0,174.7571510857143,"Detected, Eligible"
Miami Grand Prix,2022,VER,-1464.6810565552714,165.22682653835818,188.0,"Detected, Eligible"
Miami Grand Prix,2022,VER,-1413.0,170.0,193.0250048,"Detected, Eligible"
Miami Grand Prix,2022,VER,-1401.3377939153809,171.23151332105988,194.0,"Detected, Eligible"
Miami Grand Prix,2022,VER,-1267.0,190.0,199.7727301818182,"Detected, Eligible"
Miami Grand Prix,2022,VER,-1179.0,211.0,203.40909381818182,"Detected, Eligible"
Miami Grand Prix,2022,VER,-1164.849798858399,215.03647433080135,204.0,"Detected, Eligible"
Miami Grand Prix,2022,VER,-1091.0,239.0,207.81494765669058,"Detected, Eligible"
Miami Grand Prix,2022,VER,-1001.4326714158084,273.15051230890197,212.0,"Detected, Eligible"
Miami Grand Prix,2022,VER,-957.0,291.0,213.60691747699823,"Detected, Eligible"
Miami Grand Prix,2022,VER,-818.1974289458534,348.2057003984453,219.0,"Detected, Eligible"
Miami Grand Prix,2022,VER,-799.0,356.0,219.72614259947355,"Detected, Eligible"
Miami Grand Prix,2022,VER,-706.0,393.0,223.0456455556901,"Detected, Eligible"
Miami Grand Prix,2022,VER,-672.1634092412513,406.39517290135154,224.0,"Detected, Eligible"
Miami Grand Prix,2022,VER,-517.0,468.0,228.34250432,"Detected, Eligible"
Miami Grand Prix,2022,VER,-431.31945138327313,502.7038283040277,233.0,"Detected, Eligible"
Miami Grand Prix,2022,VER,-359.0,525.0,233.0,"Detected, Eligible"
Miami Grand Prix,2022,VER,-338.01123902785974,530.8768538230594,233.0,"Detected, Eligible"
Miami Grand Prix,2022,VER,-183.41622881091743,571.5590565797662,233.0,"Detected, Eligible"
Miami Grand Prix,2022,VER,-141.0,582.0,235.6500096,"Detected, Eligible"
Miami Grand Prix,2022,VER,-57.00743955261477,598.6461835198336,245.0,"Detected, Eligible"
Miami Grand Prix,2022,VER,-7.0,604.0,246.13000192,"Detected, Eligible"
Miami Grand Prix,2022,VER,48.80934646691429,609.5266628865274,247.0,"Detected, Eligible"
Miami Grand Prix,2022,VER,130.0,617.0,248.765628,"Detected, Eligible"
Miami Grand Prix,2022,VER,256.3841668554017,625.7905140100761,252.0,"Detected, Eligible"
Miami Grand Prix,2022,VER,371.0,625.0,253.6625024,"Detected, Eligible"
Miami Grand Prix,2022,VER,502.0938353477243,619.4617827212982,255.0,"Detected, Eligible"
Miami Grand Prix,2022,VER,611.0,613.0,256.1625024,"Detected, Eligible"
Miami Grand Prix,2022,VER,718.1525355586234,602.8369241251626,258.0,"Detected, Eligible"
Miami Grand Prix,2022,VER,816.397437427894,575.284139243133,261.0,On
Miami Grand Prix,2022,VER,837.0,570.0,261.4714313142857,On
Miami Grand Prix,2022,VER,880.0,559.0,262.32857417142856,On
Miami Grand Prix,2022,VER,1034.839484157832,505.32711439098046,265.0,On
Miami Grand Prix,2022,VER,1186.0,447.0,266.85357348571426,On
Miami Grand Prix,2022,VER,1275.4577803755976,414.93894003744634,268.0,On
Miami Grand Prix,2022,VER,1452.2302953922178,352.17519217906624,274.0,On
Miami Grand Prix,2022,VER,1460.0,349.0,274.0,On
Miami Grand Prix,2022,VER,1549.7399213644308,305.64388787110033,274.0,On
Miami Grand Prix,2022,VER,1604.2932144914707,270.69367098166305,276.0,On
Miami Grand Prix,2022,VER,1637.0,250.0,277.1625024,On
Miami Grand Prix,2022,VER,1721.1800130320373,198.16354373257246,280.0,On
Miami Grand Prix,2022,VER,1738.2029808727611,187.89911733637067,280.70000407272727,On
